{
  "cosmo_froh": 0.1545,
  "cosmo_percentile": 30.2,
  "n_samples": 1929,
  "ref_froh_mean": 0.2305,
  "ref_froh_p25": 0.1282,
  "ref_froh_p50": 0.238,
  "ref_froh_p75": 0.3351,
  "hist_counts": [
    4,
    7,
    7,
    4,
    6,
    5,
    8,
    2,
    39,
    51,
    79,
    52,
    90,
    79,
    90,
    127,
    131,
    142,
    150,
    160,
    140,
    123,
    89,
    92,
    70,
    58,
    41,
    38,
    21,
    9,
    8,
    2,
    0,
    0,
    0,
    0,
    0,
    0,
    0,
    5
  ],
  "hist_edges": [
    -0.31364,
    -0.28347619999999996,
    -0.2533124,
    -0.22314859999999997,
    -0.19298479999999996,
    -0.16282099999999997,
    -0.13265719999999998,
    -0.10249339999999996,
    -0.07232959999999997,
    -0.042165799999999976,
    -0.012001999999999957,
    0.01816180000000006,
    0.048325600000000024,
    0.07848940000000004,
    0.10865320000000006,
    0.13881700000000002,
    0.16898080000000004,
    0.19914460000000006,
    0.22930840000000002,
    0.2594722000000001,
    0.28963600000000006,
    0.3197998,
    0.3499636000000001,
    0.38012740000000006,
    0.4102912,
    0.4404550000000001,
    0.47061880000000006,
    0.5007826,
    0.5309464000000002,
    0.5611102000000001,
    0.5912740000000001,
    0.6214378,
    0.6516016,
    0.6817654,
    0.7119292000000002,
    0.7420930000000001,
    0.7722568000000001,
    0.8024206,
    0.8325844000000002,
    0.8627482000000002,
    0.892912
  ],
  "metric": "genotype_F",
  "note": "Genotype F from 25.1M autosomal SNPs vs Dog10K panel (1929 dogs)."
}